time,open,high,low,close,Volume
1748967300,37750.5,37765.5,37750.5,37760.5,NaN
1748967600,37760.5,37763.5,37743.5,37755.5,NaN
1748967900,37755.5,37765.5,37750.5,37765.5,NaN
1748968200,37765.5,37780.5,37760.5,37763.5,NaN
1748968500,37763.5,37773.5,37750.5,37750.5,NaN
1748968800,37750.5,37753.5,37735.5,37740.5,NaN
1748969100,37740.5,37748.5,37740.5,37745.5,NaN
1748969400,37745.5,37755.5,37745.5,37750.5,NaN
1748969700,37750.5,37755.5,37750.5,37750.5,NaN
1748970000,37750.5,37760.5,37745.5,37760.5,NaN
1748970300,37760.5,37770.5,37758.5,37765.5,NaN
1748970600,37765.5,37775.5,37765.5,37773.5,NaN
1748970900,37773.5,37785.5,37773.5,37775.5,NaN
1748971200,37775.5,37775.5,37765.5,37770.5,NaN
1748971500,37770.5,37775.5,37763.5,37765.5,NaN
1748971800,37765.5,37770.5,37760.5,37760.5,NaN
1748972100,37760.5,37778.5,37760.5,37778.5,NaN
1748972400,37778.5,37785.5,37760.5,37765.5,NaN
1748972700,37765.5,37780.5,37765.5,37770.5,NaN
1748973000,37770.5,37785.5,37755.5,37785.5,NaN
1748973300,37785.5,37788.5,37760.5,37760.5,NaN
1748973600,37760.5,37765.5,37718.5,37745.5,NaN
1748973900,37745.5,37748.5,37728.5,37740.5,NaN
1748974200,37740.5,37740.5,37705.5,37718.5,NaN
1748974500,37718.5,37725.5,37703.5,37725.5,NaN
1748974800,37725.5,37730.5,37720.5,37725.5,NaN
1748975100,37725.5,37748.5,37720.5,37745.5,NaN
1748975400,37745.5,37755.5,37740.5,37755.5,NaN
1748975700,37755.5,37755.5,37735.5,37745.5,NaN
1748976000,37745.5,37755.5,37745.5,37753.5,NaN
1748976300,37753.5,37755.5,37745.5,37750.5,NaN
1748976600,37750.5,37755.5,37738.5,37745.5,NaN
1748976900,37745.5,37760.5,37745.5,37755.5,NaN
1748977200,37755.5,37760.5,37745.5,37750.5,NaN
1748977500,37750.5,37755.5,37745.5,37753.5,NaN
1748977800,37753.5,37760.5,37735.5,37758.5,NaN
1748978100,37758.5,37775.5,37755.5,37775.5,NaN
1748978400,37775.5,37775.5,37760.5,37770.5,NaN
1748978700,37770.5,37770.5,37753.5,37770.5,NaN
1748979000,37770.5,37775.5,37760.5,37770.5,NaN
1748979300,37770.5,37785.5,37768.5,37773.5,NaN
1748979600,37773.5,37775.5,37753.5,37758.5,NaN
1748979900,37758.5,37760.5,37730.5,37735.5,NaN
1748980200,37735.5,37768.5,37720.5,37755.5,NaN
1748980500,37755.5,37778.5,37745.5,37755.5,NaN
1748980800,37755.5,37755.5,37720.5,37725.5,NaN
1748981100,37725.5,37735.5,37718.5,37725.5,NaN
1748981400,37725.5,37735.5,37725.5,37735.5,NaN
1748981700,37735.5,37738.5,37725.5,37728.5,NaN
1748982000,37728.5,37740.5,37725.5,37738.5,NaN
1748982300,37738.5,37738.5,37725.5,37730.5,NaN
1748982600,37730.5,37730.5,37720.5,37728.5,NaN
1748982900,37728.5,37735.5,37725.5,37730.5,NaN
1748983200,37730.5,37740.5,37730.5,37735.5,NaN
1748983500,37735.5,37735.5,37725.5,37728.5,NaN
1748983800,37728.5,37728.5,37718.5,37720.5,NaN
1748984100,37720.5,37728.5,37715.5,37720.5,NaN
1748988000,37720.5,37778.5,37713.5,37738.5,NaN
1748988300,37738.5,37738.5,37715.5,37720.5,NaN
1748988600,37720.5,37743.5,37720.5,37738.5,NaN
1748988900,37738.5,37745.5,37738.5,37738.5,NaN
1748989200,37738.5,37745.5,37733.5,37738.5,NaN
1748989500,37738.5,37748.5,37738.5,37743.5,NaN
1748989800,37743.5,37748.5,37743.5,37748.5,NaN
1748990100,37748.5,37748.5,37743.5,37743.5,NaN
1748990400,37743.5,37743.5,37738.5,37740.5,NaN
1748990700,37740.5,37743.5,37733.5,37733.5,NaN
1748991000,37733.5,37738.5,37730.5,37733.5,NaN
1748991300,37733.5,37740.5,37730.5,37730.5,NaN
1748991600,37730.5,37740.5,37723.5,37738.5,NaN
1748991900,37738.5,37745.5,37733.5,37738.5,NaN
1748992200,37738.5,37745.5,37733.5,37738.5,NaN
1748992500,37738.5,37743.5,37733.5,37743.5,NaN
1748992800,37743.5,37768.5,37743.5,37763.5,NaN
1748993100,37763.5,37778.5,37763.5,37768.5,NaN
1748993400,37768.5,37768.5,37730.5,37738.5,NaN
1748993700,37738.5,37755.5,37733.5,37753.5,NaN
1748994000,37753.5,37755.5,37723.5,37730.5,NaN
1748994300,37730.5,37743.5,37688.5,37688.5,NaN
1748994600,37688.5,37708.5,37680.5,37698.5,NaN
1748994900,37698.5,37725.5,37690.5,37713.5,NaN
1748995200,37713.5,37866,37696,37818,NaN
1748995500,37818,37868,37806,37861,NaN
1748995800,37861,37873,37753,37756,NaN
1748996100,37756,37801,37748,37791,NaN
1748996400,37791,37806,37738,37753,NaN
1748996700,37753,37813,37718,37788,NaN
1748997000,37788,37831,37768,37818,NaN
1748997300,37818,37821,37783,37783,NaN
1748997600,37783,37783,37731,37731,NaN
1748997900,37731,37763,37716,37761,NaN
1748998200,37761,37768,37726,37743,NaN
1748998500,37743,37763,37728,37743,NaN
1748998800,37743,37813,37738,37783,NaN
1748999100,37783,37796,37753,37758,NaN
1748999400,37758,37763,37728,37748,NaN
1748999700,37748,37791,37738,37746,NaN
1749000000,37746,37763,37736,37763,NaN
1749000300,37763,37771,37733,37771,NaN
1749000600,37771,37776,37733,37743,NaN
1749000900,37743,37756,37738,37743,NaN
1749001200,37743,37766,37738,37756,NaN
1749001500,37756,37778,37746,37748,NaN
1749001800,37748,37776,37741,37758,NaN
1749002100,37758,37783,37751,37783,NaN
1749002400,37783,37798,37768,37769,NaN
1749002700,37769,37784,37757,37782,NaN
1749003000,37782,37787,37759,37779,NaN
1749003300,37779,37787,37759,37782,NaN
1749003600,37782,37822,37777,37817,NaN
1749003900,37817,37824,37809,37819,NaN
1749004200,37819,37837,37817,37827,NaN
1749004500,37827,37827,37787,37794,NaN
1749004800,37794,37797,37782,37792,NaN
1749005100,37792,37807,37792,37802,NaN
1749005400,37802,37802,37784,37789,NaN
1749005700,37789,37797,37784,37789,NaN
1749006000,37789,37802,37789,37797,NaN
1749006300,37797,37807,37789,37799,NaN
1749006600,37799,37807,37794,37802,NaN
1749006900,37802,37822,37802,37819,NaN
1749007200,37819,37822,37812,37819,NaN
1749007500,37819,37822,37807,37817,NaN
1749007800,37817,37839,37804,37817,NaN
1749008100,37817,37819,37792,37809,NaN
1749008400,37809,37812,37797,37799,NaN
1749008700,37799,37812,37787,37799,NaN
1749009000,37799,37802,37787,37797,NaN
1749009300,37797,37802,37777,37777,NaN
1749009600,37777,37797,37757,37784,NaN
1749009900,37784,37784,37757,37779,NaN
1749010200,37779,37787,37759,37764,NaN
1749010500,37764,37769,37757,37764,NaN
1749010800,37764,37774,37757,37769,NaN
1749011100,37769,37777,37767,37777,NaN
1749011400,37777,37782,37757,37757,NaN
1749011700,37757,37757,37739,37744,NaN
1749012000,37744,37762,37744,37747,NaN
1749012300,37747,37757,37739,37742,NaN
1749012600,37742,37764,37742,37752,NaN
1749012900,37752,37767,37752,37762,NaN
1749013200,37762,37767,37747,37754,NaN
1749013500,37754,37769,37749,37752,NaN
1749013800,37752,37764,37752,37759,NaN
1749014100,37759,37762,37739,37744,NaN
1749014400,37744,37757,37742,37747,NaN
1749014700,37747,37759,37744,37759,NaN
1749015000,37759,37814,37759,37792,NaN
1749015300,37792,37807,37784,37802,NaN
1749015600,37802,37819,37784,37799,NaN
1749015900,37799,37814,37792,37809,NaN
1749016200,37809,37822,37799,37819,NaN
1749016500,37819,37824,37802,37814,NaN
1749016800,37814,37839,37809,37812,NaN
1749017100,37812,37832,37802,37802,NaN
1749017400,37802,37809,37789,37799,NaN
1749017700,37799,37807,37779,37787,NaN
1749018000,37787,37789,37739,37747,NaN
1749018300,37747,37754,37729,37729,NaN
1749018600,37729,37764,37729,37762,NaN
1749018900,37762,37764,37742,37754,NaN
1749019200,37754,37774,37749,37769,NaN
1749019500,37769,37774,37759,37769,NaN
1749019800,37769,37784,37767,37784,NaN
1749020100,37784,37794,37774,37779,NaN
1749020400,37779,37799.5,37776.5,37781.5,NaN
1749020700,37781.5,37804.5,37781.5,37789.5,NaN
1749021000,37789.5,37789.5,37754.5,37774.5,NaN
1749021300,37774.5,37784.5,37759.5,37781.5,NaN
1749021600,37781.5,37804.5,37779.5,37784.5,NaN
1749021900,37784.5,37799.5,37784.5,37799.5,NaN
1749022200,37799.5,37806.5,37789.5,37796.5,NaN
1749022500,37796.5,37801.5,37789.5,37791.5,NaN
1749022800,37791.5,37814.5,37791.5,37809.5,NaN
1749023100,37809.5,37819.5,37809.5,37814.5,NaN
1749023400,37814.5,37824.5,37799.5,37821.5,NaN
1749023700,37821.5,37846.5,37819.5,37844.5,NaN
1749024000,37844.5,37864.5,37839.5,37856.5,NaN
1749024300,37856.5,37861.5,37829.5,37836.5,NaN
1749024600,37836.5,37844.5,37821.5,37841.5,NaN
1749024900,37841.5,37854.5,37836.5,37839.5,NaN
1749025200,37839.5,37839.5,37821.5,37826.5,NaN
1749025500,37826.5,37834.5,37816.5,37816.5,NaN
1749025800,37816.5,37816.5,37794.5,37814.5,NaN
1749026100,37814.5,37824.5,37809.5,37819.5,NaN
1749026400,37819.5,37834.5,37816.5,37826.5,NaN
1749026700,37826.5,37829.5,37811.5,37821.5,NaN
1749027000,37821.5,37826.5,37801.5,37801.5,NaN
1749027300,37801.5,37804.5,37779.5,37786.5,NaN
1749027600,37786.5,37801.5,37784.5,37801.5,NaN
1749027900,37801.5,37804.5,37779.5,37784.5,NaN
1749028200,37784.5,37816.5,37784.5,37804.5,NaN
1749028500,37804.5,37804.5,37784.5,37799.5,NaN
1749028800,37799.5,37806.5,37794.5,37804.5,NaN
1749029100,37804.5,37816.5,37799.5,37811.5,NaN
1749029400,37811.5,37814.5,37794.5,37804.5,NaN
1749029700,37804.5,37824.5,37804.5,37824.5,NaN
1749030000,37824.5,37834.5,37816.5,37819.5,NaN
1749030300,37819.5,37819.5,37799.5,37801.5,NaN
1749030600,37801.5,37806.5,37791.5,37801.5,NaN
1749030900,37801.5,37806.5,37774.5,37779.5,NaN
1749031200,37779.5,37826.5,37771.5,37821.5,NaN
1749031500,37821.5,37834.5,37809.5,37819.5,NaN
1749031800,37819.5,37831.5,37809.5,37809.5,NaN
1749032100,37809.5,37816.5,37779.5,37781.5,NaN
1749032400,37781.5,37784.5,37759.5,37769.5,NaN
1749032700,37769.5,37769.5,37759.5,37761.5,NaN
1749033000,37761.5,37764.5,37744.5,37764.5,NaN
1749033300,37764.5,37774.5,37759.5,37771.5,NaN
1749033600,37771.5,37794.5,37771.5,37789.5,NaN
1749033900,37789.5,37789.5,37779.5,37779.5,NaN
1749034200,37779.5,37796.5,37779.5,37796.5,NaN
1749034500,37796.5,37796.5,37789.5,37794.5,NaN
1749034800,37794.5,37804.5,37784.5,37784.5,NaN
1749035100,37784.5,37801.5,37779.5,37789.5,NaN
1749035400,37789.5,37799.5,37779.5,37794.5,NaN
1749035700,37794.5,37794.5,37774.5,37779.5,NaN
1749036000,37779.5,37779.5,37761.5,37764.5,NaN
1749036300,37764.5,37771.5,37761.5,37769.5,NaN
1749036600,37769.5,37774.5,37764.5,37769.5,NaN
1749036900,37769.5,37786.5,37761.5,37786.5,NaN
1749037200,37786.5,37799.5,37781.5,37799.5,NaN
1749037500,37799.5,37816.5,37799.5,37809.5,NaN
1749037800,37809.5,37814.5,37804.5,37814.5,NaN
1749038100,37814.5,37814.5,37804.5,37804.5,NaN
1749038400,37804.5,37804.5,37789.5,37796.5,NaN
1749038700,37796.5,37809.5,37789.5,37796.5,NaN
1749039000,37796.5,37804.5,37761.5,37789.5,NaN
1749039300,37789.5,37789.5,37676.5,37681.5,NaN
1749039600,37681.5,37684.5,37619.5,37626.5,NaN
1749039900,37626.5,37669.5,37614.5,37661.5,NaN
1749040200,37661.5,37686.5,37656.5,37684.5,NaN
1749040500,37684.5,37686.5,37654.5,37666.5,NaN
1749040800,37666.5,37666.5,37636.5,37649.5,NaN
1749041100,37649.5,37666.5,37649.5,37661.5,NaN
1749041400,37661.5,37676.5,37646.5,37674.5,NaN
1749041700,37674.5,37679.5,37654.5,37674.5,NaN
1749042000,37674.5,37676.5,37659.5,37666.5,NaN
1749042300,37666.5,37671.5,37659.5,37664.5,NaN
1749042600,37664.5,37666.5,37656.5,37661.5,NaN
1749042900,37661.5,37671.5,37644.5,37669.5,NaN
1749043200,37669.5,37681.5,37659.5,37664.5,NaN
1749043500,37664.5,37664.5,37634.5,37649.5,NaN
1749043800,37649.5,37694.5,37644.5,37689.5,NaN
1749044100,37689.5,37726.5,37679.5,37709.5,NaN
1749044400,37709.5,37729.5,37684.5,37689.5,NaN
1749044700,37689.5,37726.5,37681.5,37714.5,NaN
1749045000,37714.5,37716.5,37659.5,37661.5,NaN
1749045300,37661.5,37689.5,37654.5,37669.5,NaN
1749045600,37669.5,37671.5,37539.5,37564.5,NaN
1749045900,37564.5,37569.5,37479.5,37516.5,NaN
1749046200,37516.5,37584.5,37516.5,37581.5,NaN
1749046500,37581.5,37624.5,37579.5,37619.5,NaN
1749046800,37619.5,37624.5,37591.5,37619.5,NaN
1749047100,37619.5,37654.5,37616.5,37644.5,NaN
1749047400,37644.5,37661.5,37629.5,37629.5,NaN
1749047700,37629.5,37649.5,37596.5,37611.5,NaN
1749048000,37611.5,37614.5,37584.5,37589.5,NaN
1749048300,37589.5,37624.5,37579.5,37609.5,NaN
1749048600,37609.5,37609.5,37579.5,37596.5,NaN
1749048900,37596.5,37614.5,37581.5,37611.5,NaN
1749049200,37611.5,37639.5,37594.5,37631.5,NaN
1749049500,37631.5,37641.5,37624.5,37629.5,NaN
1749049800,37629.5,37641.5,37614.5,37619.5,NaN
1749050100,37619.5,37629.5,37581.5,37586.5,NaN
1749050400,37586.5,37599.5,37551.5,37559.5,NaN
1749050700,37559.5,37564.5,37524.5,37526.5,NaN
1749051000,37526.5,37531.5,37509.5,37509.5,NaN
1749051300,37509.5,37531.5,37494.5,37526.5,NaN
1749051600,37526.5,37546.5,37494.5,37501.5,NaN
1749051900,37501.5,37546.5,37494.5,37529.5,NaN
1749052200,37529.5,37559.5,37529.5,37544.5,NaN
1749052500,37544.5,37554.5,37519.5,37529.5,NaN
1749052800,37529.5,37534.5,37506.5,37514.5,NaN
1749053100,37514.5,37524.5,37501.5,37511.5,NaN
1749053400,37511.5,37514.5,37476.5,37484.5,NaN
1749053700,37484.5,37529.5,37479.5,37524.5,NaN
1749054000,37524.5,37524.5,37496.5,37501.5,NaN
1749054300,37501.5,37514.5,37499.5,37499.5,NaN
1749054600,37499.5,37524.5,37491.5,37506.5,NaN
1749054900,37506.5,37519.5,37499.5,37514.5,NaN
1749055200,37514.5,37529.5,37504.5,37519.5,NaN
1749055500,37519.5,37539.5,37516.5,37534.5,NaN
1749055800,37534.5,37539.5,37519.5,37529.5,NaN
1749056100,37529.5,37539.5,37526.5,37536.5,NaN
1749056400,37536.5,37571.5,37536.5,37566.5,NaN
1749056700,37566.5,37569.5,37559.5,37564.5,NaN
1749057000,37564.5,37579.5,37564.5,37574.5,NaN
1749057300,37574.5,37589.5,37574.5,37589.5,NaN
1749057600,37589.5,37594.5,37584.5,37589.5,NaN
1749057900,37589.5,37591.5,37581.5,37584.5,NaN
1749058200,37584.5,37589.5,37569.5,37579.5,NaN
1749058500,37579.5,37589.5,37579.5,37579.5,NaN
1749058800,37579.5,37589.5,37569.5,37589.5,NaN
1749059100,37589.5,37591.5,37579.5,37589.5,NaN
1749059400,37589.5,37594.5,37579.5,37589.5,NaN
1749059700,37589.5,37596.5,37589.5,37591.5,NaN
1749060000,37591.5,37609.5,37589.5,37601.5,NaN
1749060300,37601.5,37604.5,37579.5,37584.5,NaN
1749060600,37584.5,37589.5,37574.5,37574.5,NaN
1749060900,37574.5,37591.5,37574.5,37584.5,NaN
1749061200,37584.5,37594.5,37579.5,37581.5,NaN
1749061500,37581.5,37594.5,37569.5,37591.5,NaN
1749061800,37591.5,37594.5,37579.5,37584.5,NaN
1749062100,37584.5,37589.5,37574.5,37581.5,NaN
1749062400,37581.5,37591.5,37574.5,37586.5,NaN
1749062700,37586.5,37589.5,37569.5,37569.5,NaN
1749063000,37569.5,37569.5,37549.5,37564.5,NaN
1749063300,37564.5,37571.5,37561.5,37571.5,NaN
1749063600,37571.5,37591.5,37569.5,37589.5,NaN
1749063900,37589.5,37589.5,37564.5,37564.5,NaN
1749064200,37564.5,37589.5,37564.5,37584.5,NaN
1749064500,37584.5,37584.5,37564.5,37574.5,NaN
1749064800,37574.5,37589.5,37569.5,37589.5,NaN
1749065100,37589.5,37601.5,37586.5,37591.5,NaN
1749065400,37591.5,37594.5,37579.5,37579.5,NaN
1749065700,37579.5,37589.5,37564.5,37564.5,NaN
1749066000,37564.5,37574.5,37554.5,37564.5,NaN
1749066300,37564.5,37584.5,37559.5,37579.5,NaN
1749066600,37579.5,37599.5,37559.5,37589.5,NaN
1749066900,37589.5,37589.5,37559.5,37566.5,NaN
1749067200,37566.5,37566.5,37534.5,37556.5,NaN
1749067500,37556.5,37564.5,37539.5,37539.5,NaN
1749067800,37539.5,37549.5,37539.5,37539.5,NaN
1749068100,37539.5,37541.5,37529.5,37539.5,NaN
1749068400,37539.5,37541.5,37524.5,37534.5,NaN
1749068700,37534.5,37544.5,37524.5,37544.5,NaN
1749069000,37544.5,37544.5,37531.5,37534.5,NaN
1749069300,37534.5,37549.5,37534.5,37549.5,NaN
1749069600,37549.5,37551.5,37544.5,37551.5,NaN
1749069900,37551.5,37564.5,37549.5,37554.5,NaN
1749070200,37554.5,37561.5,37539.5,37541.5,NaN
1749070500,37541.5,37549.5,37526.5,37539.5,NaN
1749074400,37539.5,37539.5,37479.5,37539.5,NaN
1749074700,37539.5,37539.5,37529.5,37536.5,NaN
1749075000,37536.5,37546.5,37536.5,37541.5,NaN
1749075300,37541.5,37541.5,37539.5,37541.5,NaN
1749075600,37541.5,37546.5,37539.5,37539.5,NaN
1749075900,37539.5,37546.5,37539.5,37541.5,NaN
1749076200,37541.5,37546.5,37541.5,37546.5,NaN
1749076500,37546.5,37551.5,37544.5,37546.5,NaN
1749076800,37546.5,37556.5,37534.5,37536.5,NaN
1749077100,37536.5,37541.5,37534.5,37536.5,NaN
1749077400,37536.5,37536.5,37531.5,37536.5,NaN
1749077700,37536.5,37536.5,37531.5,37536.5,NaN
1749078000,37536.5,37546.5,37531.5,37541.5,NaN
1749078300,37541.5,37546.5,37536.5,37536.5,NaN
1749078600,37536.5,37536.5,37531.5,37536.5,NaN
1749078900,37536.5,37541.5,37524.5,37526.5,NaN
1749079200,37526.5,37529.5,37524.5,37526.5,NaN
1749079500,37526.5,37531.5,37516.5,37526.5,NaN
1749079800,37526.5,37534.5,37514.5,37534.5,NaN
1749080100,37534.5,37549.5,37526.5,37549.5,NaN
1749080400,37549.5,37566.5,37509.5,37534.5,NaN
1749080700,37534.5,37571.5,37526.5,37561.5,NaN
1749081000,37561.5,37564.5,37534.5,37541.5,NaN
1749081300,37541.5,37569.5,37509.5,37569.5,NaN
1749081600,37569.5,37607,37524,37592,NaN
1749081900,37592,37634,37577,37632,NaN
1749082200,37632,37634,37587,37612,NaN
1749082500,37612,37629,37572,37594,NaN
1749082800,37594,37614,37577,37594,NaN
1749083100,37594,37636,37591,37636,NaN
1749083400,37636,37671,37626,37671,NaN
1749083700,37671,37711,37666,37706,NaN
1749084000,37706,37706,37656,37681,NaN
1749084300,37681,37681,37659,37661,NaN
1749084600,37661,37661,37606,37614,NaN
1749084900,37614,37629,37609,37621,NaN
1749085200,37621,37669,37619,37659,NaN
1749085500,37659,37676,37629,37676,NaN
1749085800,37676,37714,37671,37711,NaN
1749086100,37711,37721,37684,37691,NaN
1749086400,37691,37701,37671,37691,NaN
1749086700,37691,37706,37686,37706,NaN
1749087000,37706,37721,37691,37696,NaN
1749087300,37696,37709,37679,37706,NaN
1749087600,37706,37729,37699,37706,NaN
1749087900,37706,37726,37699,37719,NaN
1749088200,37719,37721,37696,37699,NaN
1749088500,37699,37699,37671,37689,NaN
1749088800,37689,37701,37654,37659,NaN
1749089100,37659,37661,37641,37644,NaN
1749089400,37644,37646,37634,37636,NaN
1749089700,37636,37679,37634,37674,NaN
1749090000,37674,37696,37666,37676,NaN
1749090300,37676,37686,37656,37656,NaN
1749090600,37656,37656,37619,37641,NaN
1749090900,37641,37644,37609,37614,NaN
1749091200,37614,37621,37604,37614,NaN
1749091500,37614,37621,37611,37619,NaN
1749091800,37619,37621,37604,37609,NaN
1749092100,37609,37609,37599,37601,NaN
1749092400,37601,37604,37576,37576,NaN
1749092700,37576,37584,37566,37584,NaN
1749093000,37584,37604,37584,37591,NaN
1749093300,37591,37596,37586,37594,NaN
1749093600,37594,37594,37579,37584,NaN
1749093900,37584,37594,37579,37591,NaN
1749094200,37591,37646,37584,37644,NaN
1749094500,37644,37652,37611,37637,NaN
1749094800,37637,37657,37584,37587,NaN
1749095100,37587,37589,37554,37589,NaN
1749095400,37589,37607,37567,37574,NaN
1749095700,37574,37609,37574,37582,NaN
1749096000,37582,37599,37569,37572,NaN
1749096300,37572,37579,37552,37552,NaN
1749096600,37552,37564,37542,37552,NaN
1749096900,37552,37589,37549,37577,NaN
1749097200,37577,37584,37549,37552,NaN
1749097500,37552,37559,37532,37537,NaN
1749097800,37537,37562,37534,37554,NaN
1749098100,37554,37572,37552,37552,NaN
1749098400,37552,37562,37549,37549,NaN
1749098700,37549,37572,37547,37554,NaN
1749099000,37554,37567,37542,37542,NaN
1749099300,37542,37574,37542,37562,NaN
1749099600,37562,37572,37542,37572,NaN
1749099900,37572,37592,37562,37579,NaN
1749100200,37579,37584,37567,37577,NaN
1749100500,37577,37592,37574,37589,NaN
1749100800,37589,37597,37577,37579,NaN
1749101100,37579,37587,37569,37579,NaN
1749101400,37579,37584,37547,37547,NaN
1749101700,37547,37567,37544,37562,NaN
1749102000,37562,37567,37547,37564,NaN
1749102300,37564,37567,37547,37552,NaN
1749102600,37552,37554,37539,37547,NaN
1749102900,37547,37564,37544,37564,NaN
1749103200,37564,37582,37529,37574,NaN
1749103500,37574,37647,37574,37647,NaN
1749103800,37647,37649,37597,37607,NaN
1749104100,37607,37614,37552,37557,NaN
1749104400,37557,37562,37537,37552,NaN
1749104700,37552,37574,37547,37559,NaN
1749105000,37559,37559,37517,37534,NaN
1749105300,37534,37542,37517,37537,NaN
1749105600,37537,37552,37517,37522,NaN
1749105900,37522,37537,37522,37532,NaN
1749106200,37532,37549,37532,37547,NaN
1749106500,37547,37549,37537,37547,NaN
1749106800,37547,37581.5,37544.5,37561.5,NaN
1749107100,37561.5,37571.5,37561.5,37566.5,NaN
1749107400,37566.5,37581.5,37556.5,37581.5,NaN
1749107700,37581.5,37591.5,37556.5,37561.5,NaN
1749108000,37561.5,37581.5,37551.5,37581.5,NaN
1749108300,37581.5,37621.5,37581.5,37616.5,NaN
1749108600,37616.5,37621.5,37604.5,37611.5,NaN
1749108900,37611.5,37639.5,37609.5,37634.5,NaN
1749109200,37634.5,37651.5,37626.5,37646.5,NaN
1749109500,37646.5,37651.5,37626.5,37646.5,NaN
1749109800,37646.5,37661.5,37641.5,37661.5,NaN
1749110100,37661.5,37661.5,37639.5,37646.5,NaN
1749110400,37646.5,37661.5,37634.5,37641.5,NaN
1749110700,37641.5,37651.5,37614.5,37624.5,NaN
1749111000,37624.5,37631.5,37619.5,37626.5,NaN
1749111300,37626.5,37636.5,37619.5,37636.5,NaN
1749111600,37636.5,37651.5,37624.5,37646.5,NaN
1749111900,37646.5,37656.5,37631.5,37636.5,NaN
1749112200,37636.5,37651.5,37631.5,37649.5,NaN
1749112500,37649.5,37651.5,37621.5,37626.5,NaN
1749112800,37626.5,37641.5,37621.5,37624.5,NaN
1749113100,37624.5,37624.5,37601.5,37611.5,NaN
1749113400,37611.5,37616.5,37594.5,37601.5,NaN
1749113700,37601.5,37604.5,37586.5,37591.5,NaN
1749114000,37591.5,37596.5,37576.5,37586.5,NaN
1749114300,37586.5,37596.5,37571.5,37576.5,NaN
1749114600,37576.5,37584.5,37559.5,37561.5,NaN
1749114900,37561.5,37569.5,37556.5,37566.5,NaN
1749115200,37566.5,37569.5,37551.5,37561.5,NaN
1749115500,37561.5,37571.5,37546.5,37546.5,NaN
1749115800,37546.5,37561.5,37546.5,37551.5,NaN
1749116100,37551.5,37566.5,37549.5,37564.5,NaN
1749116400,37564.5,37569.5,37556.5,37569.5,NaN
1749116700,37569.5,37576.5,37561.5,37564.5,NaN
1749117000,37564.5,37566.5,37539.5,37551.5,NaN
1749117300,37551.5,37556.5,37541.5,37551.5,NaN
1749117600,37551.5,37566.5,37546.5,37556.5,NaN
1749117900,37556.5,37571.5,37536.5,37566.5,NaN
1749118200,37566.5,37571.5,37546.5,37556.5,NaN
1749118500,37556.5,37566.5,37554.5,37564.5,NaN
1749118800,37564.5,37566.5,37551.5,37556.5,NaN
1749119100,37556.5,37561.5,37539.5,37544.5,NaN
1749119400,37544.5,37561.5,37531.5,37536.5,NaN
1749119700,37536.5,37546.5,37531.5,37536.5,NaN
1749120000,37536.5,37536.5,37466.5,37489.5,NaN
1749120300,37489.5,37491.5,37469.5,37489.5,NaN
1749120600,37489.5,37501.5,37481.5,37501.5,NaN
1749120900,37501.5,37514.5,37496.5,37506.5,NaN
1749121200,37506.5,37519.5,37491.5,37491.5,NaN
1749121500,37491.5,37501.5,37474.5,37489.5,NaN
1749121800,37489.5,37491.5,37469.5,37469.5,NaN
1749122100,37469.5,37501.5,37466.5,37499.5,NaN
1749122400,37499.5,37514.5,37499.5,37509.5,NaN
1749122700,37509.5,37516.5,37496.5,37496.5,NaN
1749123000,37496.5,37531.5,37496.5,37531.5,NaN
1749123300,37531.5,37546.5,37526.5,37531.5,NaN
1749123600,37531.5,37531.5,37506.5,37511.5,NaN
1749123900,37511.5,37536.5,37511.5,37531.5,NaN
1749124200,37531.5,37541.5,37526.5,37541.5,NaN
1749124500,37541.5,37541.5,37501.5,37501.5,NaN
1749124800,37501.5,37504.5,37474.5,37489.5,NaN
1749125100,37489.5,37506.5,37476.5,37501.5,NaN
1749125400,37501.5,37519.5,37496.5,37519.5,NaN
1749125700,37519.5,37521.5,37506.5,37511.5,NaN
1749126000,37511.5,37536.5,37511.5,37526.5,NaN
1749126300,37526.5,37529.5,37504.5,37506.5,NaN
1749126600,37506.5,37506.5,37406.5,37449.5,NaN
1749126900,37449.5,37474.5,37444.5,37471.5,NaN
1749127200,37471.5,37486.5,37441.5,37446.5,NaN
1749127500,37446.5,37614.5,37431.5,37539.5,NaN
1749127800,37539.5,37616.5,37519.5,37574.5,NaN
1749128100,37574.5,37616.5,37551.5,37561.5,NaN
1749128400,37561.5,37616.5,37561.5,37604.5,NaN
1749128700,37604.5,37604.5,37564.5,37569.5,NaN
1749129000,37569.5,37571.5,37519.5,37526.5,NaN
1749129300,37526.5,37529.5,37479.5,37504.5,NaN
1749129600,37504.5,37506.5,37454.5,37466.5,NaN
1749129900,37466.5,37496.5,37461.5,37491.5,NaN
1749130200,37491.5,37514.5,37429.5,37434.5,NaN
1749130500,37434.5,37461.5,37396.5,37409.5,NaN
1749130800,37409.5,37464.5,37394.5,37429.5,NaN
1749131100,37429.5,37431.5,37321.5,37374.5,NaN
1749131400,37374.5,37396.5,37329.5,37361.5,NaN
1749131700,37361.5,37369.5,37309.5,37351.5,NaN
1749132000,37351.5,37406.5,37349.5,37406.5,NaN
1749132300,37406.5,37444.5,37396.5,37396.5,NaN
1749132600,37396.5,37439.5,37396.5,37414.5,NaN
1749132900,37414.5,37431.5,37394.5,37409.5,NaN
1749133200,37409.5,37469.5,37406.5,37461.5,NaN
1749133500,37461.5,37489.5,37461.5,37484.5,NaN
1749133800,37484.5,37486.5,37436.5,37446.5,NaN
1749134100,37446.5,37526.5,37391.5,37504.5,NaN
1749134400,37504.5,37594.5,37466.5,37534.5,NaN
1749134700,37534.5,37621.5,37511.5,37524.5,NaN
1749135000,37524.5,37559.5,37509.5,37559.5,NaN
1749135300,37559.5,37601.5,37551.5,37596.5,NaN
1749135600,37596.5,37614.5,37594.5,37601.5,NaN
1749135900,37601.5,37604.5,37581.5,37586.5,NaN
1749136200,37586.5,37591.5,37566.5,37584.5,NaN
1749136500,37584.5,37626.5,37584.5,37611.5,NaN
1749136800,37611.5,37621.5,37606.5,37611.5,NaN
1749137100,37611.5,37624.5,37596.5,37616.5,NaN
1749137400,37616.5,37634.5,37616.5,37626.5,NaN
1749137700,37626.5,37629.5,37611.5,37626.5,NaN
1749138000,37626.5,37631.5,37609.5,37616.5,NaN
1749138300,37616.5,37621.5,37601.5,37606.5,NaN
1749138600,37606.5,37626.5,37596.5,37606.5,NaN
1749138900,37606.5,37644.5,37601.5,37626.5,NaN
1749139200,37626.5,37651.5,37621.5,37651.5,NaN
1749139500,37651.5,37664.5,37621.5,37629.5,NaN
1749139800,37629.5,37634.5,37606.5,37611.5,NaN
1749140100,37611.5,37611.5,37546.5,37579.5,NaN
1749140400,37579.5,37606.5,37571.5,37584.5,NaN
1749140700,37584.5,37611.5,37579.5,37606.5,NaN
1749141000,37606.5,37616.5,37591.5,37599.5,NaN
1749141300,37599.5,37601.5,37549.5,37559.5,NaN
1749141600,37559.5,37576.5,37546.5,37549.5,NaN
1749141900,37549.5,37549.5,37479.5,37494.5,NaN
1749142200,37494.5,37511.5,37441.5,37486.5,NaN
1749142500,37486.5,37501.5,37461.5,37464.5,NaN
1749142800,37464.5,37501.5,37441.5,37489.5,NaN
1749143100,37489.5,37536.5,37481.5,37529.5,NaN
1749143400,37529.5,37556.5,37524.5,37556.5,NaN
1749143700,37556.5,37581.5,37556.5,37556.5,NaN
1749144000,37556.5,37574.5,37554.5,37556.5,NaN
1749144300,37556.5,37571.5,37546.5,37564.5,NaN
1749144600,37564.5,37579.5,37561.5,37566.5,NaN
1749144900,37566.5,37574.5,37561.5,37566.5,NaN
1749145200,37566.5,37581.5,37556.5,37566.5,NaN
1749145500,37566.5,37584.5,37551.5,37569.5,NaN
1749145800,37569.5,37581.5,37564.5,37569.5,NaN
1749146100,37569.5,37571.5,37541.5,37546.5,NaN
1749146400,37546.5,37559.5,37526.5,37536.5,NaN
1749146700,37536.5,37536.5,37509.5,37521.5,NaN
1749147000,37521.5,37526.5,37506.5,37516.5,NaN
1749147300,37516.5,37516.5,37426.5,37501.5,NaN
1749147600,37501.5,37541.5,37501.5,37539.5,NaN
1749147900,37539.5,37546.5,37524.5,37531.5,NaN
1749148200,37531.5,37556.5,37526.5,37556.5,NaN
1749148500,37556.5,37571.5,37516.5,37554.5,NaN
1749148800,37554.5,37556.5,37524.5,37541.5,NaN
1749149100,37541.5,37566.5,37539.5,37549.5,NaN
1749149400,37549.5,37561.5,37526.5,37531.5,NaN
1749149700,37531.5,37541.5,37519.5,37524.5,NaN
1749150000,37524.5,37541.5,37509.5,37519.5,NaN
1749150300,37519.5,37534.5,37516.5,37526.5,NaN
1749150600,37526.5,37541.5,37471.5,37481.5,NaN
1749150900,37481.5,37496.5,37376.5,37401.5,NaN
1749151200,37401.5,37414.5,37346.5,37361.5,NaN
1749151500,37361.5,37431.5,37346.5,37421.5,NaN
1749151800,37421.5,37471.5,37416.5,37464.5,NaN
1749152100,37464.5,37529.5,37464.5,37521.5,NaN
1749152400,37521.5,37531.5,37491.5,37506.5,NaN
1749152700,37506.5,37536.5,37499.5,37529.5,NaN
1749153000,37529.5,37534.5,37466.5,37481.5,NaN
1749153300,37481.5,37501.5,37466.5,37496.5,NaN
1749153600,37496.5,37526.5,37491.5,37501.5,NaN
1749153900,37501.5,37501.5,37476.5,37486.5,NaN
1749154200,37486.5,37486.5,37469.5,37474.5,NaN
1749154500,37474.5,37479.5,37446.5,37459.5,NaN
1749154800,37459.5,37484.5,37456.5,37479.5,NaN
1749155100,37479.5,37491.5,37471.5,37479.5,NaN
1749155400,37479.5,37489.5,37474.5,37476.5,NaN
1749155700,37476.5,37476.5,37439.5,37444.5,NaN
1749156000,37444.5,37456.5,37434.5,37451.5,NaN
1749156300,37451.5,37474.5,37444.5,37474.5,NaN
1749156600,37474.5,37479.5,37456.5,37461.5,NaN
1749156900,37461.5,37471.5,37454.5,37459.5,NaN
1749160800,37459.5,37459.5,37404.5,37409.5,NaN
1749161100,37409.5,37421.5,37404.5,37414.5,NaN
1749161400,37414.5,37426.5,37414.5,37424.5,NaN
1749161700,37424.5,37436.5,37424.5,37434.5,NaN
1749162000,37434.5,37449.5,37434.5,37449.5,NaN
1749162300,37449.5,37449.5,37439.5,37449.5,NaN
1749162600,37449.5,37459.5,37449.5,37449.5,NaN
1749162900,37449.5,37449.5,37439.5,37444.5,NaN
1749163200,37444.5,37446.5,37444.5,37444.5,NaN
1749163500,37444.5,37466.5,37444.5,37464.5,NaN
1749163800,37464.5,37469.5,37459.5,37461.5,NaN
1749164100,37461.5,37469.5,37461.5,37466.5,NaN
1749164400,37466.5,37479.5,37461.5,37479.5,NaN
1749164700,37479.5,37479.5,37459.5,37459.5,NaN
1749165000,37459.5,37469.5,37456.5,37464.5,NaN
1749165300,37464.5,37464.5,37444.5,37446.5,NaN
1749165600,37446.5,37454.5,37441.5,37449.5,NaN
1749165900,37449.5,37464.5,37446.5,37456.5,NaN
1749166200,37456.5,37461.5,37434.5,37439.5,NaN
1749166500,37439.5,37439.5,37426.5,37426.5,NaN
1749166800,37426.5,37541.5,37421.5,37536.5,NaN
1749167100,37536.5,37579.5,37519.5,37554.5,NaN
1749167400,37554.5,37579.5,37544.5,37559.5,NaN
1749167700,37559.5,37566.5,37529.5,37559.5,NaN
1749168000,37559.5,37639,37559.5,37589,NaN
1749168300,37589,37677,37589,37672,NaN
1749168600,37672,37694,37659,37694,NaN
1749168900,37694,37729,37689,37717,NaN
1749169200,37717,37717,37654,37682,NaN
1749169500,37682,37721,37654,37701,NaN
1749169800,37701,37711,37686,37693,NaN
1749170100,37693,37711,37678,37681,NaN
1749170400,37681,37703,37671,37693,NaN
1749170700,37693,37721,37668,37686,NaN
1749171000,37686,37713,37678,37711,NaN
1749171300,37711,37733,37696,37708,NaN
1749171600,37708,37751,37706,37741,NaN
1749171900,37741,37758,37728,37731,NaN
1749172200,37731,37741,37711,37738,NaN
1749172500,37738,37761,37736,37738,NaN
1749172800,37738,37741,37688,37691,NaN
1749173100,37691,37703,37673,37688,NaN
1749173400,37688,37688,37658,37673,NaN
1749173700,37673,37696,37671,37693,NaN
1749174000,37693,37733,37693,37733,NaN
1749174300,37733,37738,37718,37721,NaN
1749174600,37721,37736,37718,37723,NaN
1749174900,37723,37731,37716,37718,NaN
1749175200,37718,37723,37701,37709,NaN
1749175500,37709,37729,37706,37709,NaN
1749175800,37709,37719,37701,37714,NaN
1749176100,37714,37739,37714,37736,NaN
1749176400,37736,37749,37731,37744,NaN
1749176700,37744,37744,37721,37734,NaN
1749177000,37734,37747,37731,37745,NaN
1749177300,37745,37750,37735,37740,NaN
1749177600,37740,37750,37730,37737,NaN
1749177900,37737,37740,37725,37732,NaN
1749178200,37732,37740,37722,37740,NaN
1749178500,37740,37742,37727,37737,NaN
1749178800,37737,37747,37720,37720,NaN
1749179100,37720,37730,37715,37730,NaN
1749179400,37730,37730,37707,37715,NaN
1749179700,37715,37720,37707,37712,NaN
1749180000,37712,37730,37710,37730,NaN
1749180300,37730,37732,37715,37715,NaN
1749180600,37715,37722,37690,37702,NaN
1749180900,37702,37727,37695,37700,NaN
1749181200,37700,37720,37687,37717,NaN
1749181500,37717,37727,37690,37690,NaN
1749181800,37690,37707,37680,37697,NaN
1749182100,37697,37697,37665,37665,NaN
1749182400,37665,37675,37640,37645,NaN
1749182700,37645,37665,37642,37665,NaN
1749183000,37665,37690,37660,37675,NaN
1749183300,37675,37677,37650,37652,NaN
1749183600,37652,37660,37647,37650,NaN
1749183900,37650,37660,37640,37657,NaN
1749184200,37657,37665,37640,37652,NaN
1749184500,37652,37665,37640,37662,NaN
1749184800,37662,37695,37657,37695,NaN
1749185100,37695,37705,37690,37695,NaN
1749185400,37695,37705,37695,37700,NaN
1749185700,37700,37707,37695,37700,NaN
1749186000,37700,37767,37695,37767,NaN
1749186300,37767,37770,37745,37745,NaN
1749186600,37745,37747,37722,37727,NaN
1749186900,37727,37727,37710,37717,NaN
1749187200,37717,37732,37712,37721,NaN
1749187500,37721,37726,37711,37718,NaN
1749187800,37718,37721,37711,37716,NaN
1749188100,37716,37718,37696,37703,NaN
1749188400,37703,37706,37686,37703,NaN
1749188700,37703,37706,37691,37691,NaN
1749189000,37691,37698,37676,37681,NaN
1749189300,37681,37696,37671,37691,NaN
1749189600,37691,37698,37656,37691,NaN
1749189900,37691,37696,37681,37683,NaN
1749190200,37683,37696,37681,37686,NaN
1749190500,37686,37696,37671,37678,NaN
1749190800,37678,37703,37676,37691,NaN
1749191100,37691,37731,37686,37726,NaN
1749191400,37726,37771,37718,37766,NaN
1749191700,37766,37791,37763,37778,NaN
1749192000,37778,37786,37768,37768,NaN
1749192300,37768,37771,37748,37763,NaN
1749192600,37763,37766,37743,37748,NaN
1749192900,37748,37753,37746,37751,NaN
1749193200,37751,37780.5,37746,37775.5,NaN
1749193500,37775.5,37775.5,37750.5,37758.5,NaN
1749193800,37758.5,37765.5,37740.5,37745.5,NaN
1749194100,37745.5,37748.5,37735.5,37735.5,NaN
1749194400,37735.5,37745.5,37730.5,37738.5,NaN
1749194700,37738.5,37770.5,37738.5,37748.5,NaN
1749195000,37748.5,37763.5,37735.5,37743.5,NaN
1749195300,37743.5,37765.5,37740.5,37765.5,NaN
1749195600,37765.5,37768.5,37745.5,37753.5,NaN
1749195900,37753.5,37760.5,37745.5,37745.5,NaN
1749196200,37745.5,37758.5,37735.5,37743.5,NaN
1749196500,37743.5,37755.5,37740.5,37740.5,NaN
1749196800,37740.5,37760.5,37730.5,37755.5,NaN
1749197100,37755.5,37760.5,37745.5,37753.5,NaN
1749197400,37753.5,37760.5,37738.5,37750.5,NaN
1749197700,37750.5,37775.5,37745.5,37763.5,NaN
1749198000,37763.5,37770.5,37738.5,37760.5,NaN
1749198300,37760.5,37780.5,37750.5,37775.5,NaN
1749198600,37775.5,37780.5,37765.5,37768.5,NaN
1749198900,37768.5,37780.5,37760.5,37775.5,NaN
1749199200,37775.5,37793.5,37770.5,37785.5,NaN
1749199500,37785.5,37795.5,37783.5,37785.5,NaN
1749199800,37785.5,37790.5,37770.5,37770.5,NaN
1749200100,37770.5,37785.5,37765.5,37785.5,NaN
1749200400,37785.5,37800.5,37770.5,37783.5,NaN
1749200700,37783.5,37790.5,37770.5,37790.5,NaN
1749201000,37790.5,37805.5,37788.5,37805.5,NaN
1749201300,37805.5,37825.5,37805.5,37823.5,NaN
1749201600,37823.5,37828.5,37820.5,37820.5,NaN
1749201900,37820.5,37825.5,37810.5,37818.5,NaN
1749202200,37818.5,37825.5,37810.5,37823.5,NaN
1749202500,37823.5,37830.5,37823.5,37825.5,NaN
1749202800,37825.5,37825.5,37780.5,37783.5,NaN
1749203100,37783.5,37820.5,37780.5,37818.5,NaN
1749203400,37818.5,37845.5,37810.5,37845.5,NaN
1749203700,37845.5,37853.5,37843.5,37845.5,NaN
1749204000,37845.5,37850.5,37825.5,37843.5,NaN
1749204300,37843.5,37845.5,37828.5,37833.5,NaN
1749204600,37833.5,37838.5,37825.5,37835.5,NaN
1749204900,37835.5,37845.5,37825.5,37845.5,NaN
1749205200,37845.5,37853.5,37840.5,37843.5,NaN
1749205500,37843.5,37855.5,37835.5,37853.5,NaN
1749205800,37853.5,37855.5,37848.5,37855.5,NaN
1749206100,37855.5,37855.5,37833.5,37845.5,NaN
1749206400,37845.5,37845.5,37820.5,37830.5,NaN
1749206700,37830.5,37833.5,37813.5,37830.5,NaN
1749207000,37830.5,37838.5,37815.5,37825.5,NaN
1749207300,37825.5,37830.5,37813.5,37818.5,NaN
1749207600,37818.5,37840.5,37803.5,37835.5,NaN
1749207900,37835.5,37845.5,37828.5,37835.5,NaN
1749208200,37835.5,37838.5,37818.5,37825.5,NaN
1749208500,37825.5,37840.5,37823.5,37830.5,NaN
1749208800,37830.5,37848.5,37830.5,37845.5,NaN
1749209100,37845.5,37855.5,37803.5,37830.5,NaN
1749209400,37830.5,37845.5,37820.5,37840.5,NaN
1749209700,37840.5,37860.5,37838.5,37858.5,NaN
1749210000,37858.5,37880.5,37855.5,37875.5,NaN
1749210300,37875.5,37895.5,37870.5,37875.5,NaN
1749210600,37875.5,37890.5,37870.5,37885.5,NaN
1749210900,37885.5,37890.5,37875.5,37878.5,NaN
1749211200,37878.5,37885.5,37875.5,37878.5,NaN
1749211500,37878.5,37890.5,37865.5,37885.5,NaN
1749211800,37885.5,37890.5,37878.5,37888.5,NaN
1749212100,37888.5,37888.5,37853.5,37855.5,NaN
1749212400,37855.5,37858.5,37838.5,37855.5,NaN
1749212700,37855.5,37870.5,37855.5,37865.5,NaN
1749213000,37865.5,38025.5,37808.5,37985.5,NaN
1749213300,37985.5,38060.5,37980.5,38055.5,NaN
1749213600,38055.5,38068.5,38028.5,38038.5,NaN
1749213900,38038.5,38050.5,38005.5,38008.5,NaN
1749214200,38008.5,38030.5,37980.5,37990.5,NaN
1749214500,37990.5,38020.5,37988.5,38015.5,NaN
1749214800,38015.5,38035.5,38005.5,38025.5,NaN
1749215100,38025.5,38043.5,38003.5,38018.5,NaN
1749215400,38018.5,38025.5,38008.5,38023.5,NaN
1749215700,38023.5,38065.5,38023.5,38065.5,NaN
1749216000,38065.5,38088.5,38063.5,38065.5,NaN
1749216300,38065.5,38085.5,38055.5,38073.5,NaN
1749216600,38073.5,38120.5,38065.5,38085.5,NaN
1749216900,38085.5,38123.5,38075.5,38110.5,NaN
1749217200,38110.5,38140.5,38108.5,38133.5,NaN
1749217500,38133.5,38153.5,38125.5,38125.5,NaN
1749217800,38125.5,38138.5,38100.5,38103.5,NaN
1749218100,38103.5,38115.5,38078.5,38115.5,NaN
1749218400,38115.5,38120.5,38053.5,38055.5,NaN
1749218700,38055.5,38093.5,38055.5,38085.5,NaN
1749219000,38085.5,38090.5,38030.5,38058.5,NaN
1749219300,38058.5,38078.5,38040.5,38063.5,NaN
1749219600,38063.5,38090.5,38060.5,38083.5,NaN
1749219900,38083.5,38088.5,38020.5,38038.5,NaN
1749220200,38038.5,38060.5,38018.5,38050.5,NaN
1749220500,38050.5,38075.5,38045.5,38075.5,NaN
1749220800,38075.5,38090.5,38073.5,38075.5,NaN
1749221100,38075.5,38095.5,38065.5,38088.5,NaN
1749221400,38088.5,38095.5,38075.5,38080.5,NaN
1749221700,38080.5,38090.5,38055.5,38055.5,NaN
1749222000,38055.5,38078.5,38050.5,38063.5,NaN
1749222300,38063.5,38110.5,38060.5,38100.5,NaN
1749222600,38100.5,38105.5,38078.5,38085.5,NaN
1749222900,38085.5,38085.5,38000.5,38008.5,NaN
1749223200,38008.5,38030.5,37965.5,38015.5,NaN
1749223500,38015.5,38025.5,37990.5,38000.5,NaN
1749223800,38000.5,38013.5,37985.5,38005.5,NaN
1749224100,38005.5,38010.5,37975.5,37980.5,NaN
1749224400,37980.5,38015.5,37975.5,38010.5,NaN
1749224700,38010.5,38035.5,38005.5,38030.5,NaN
1749225000,38030.5,38043.5,38018.5,38020.5,NaN
1749225300,38020.5,38025.5,38000.5,38015.5,NaN
1749225600,38015.5,38030.5,38005.5,38020.5,NaN
1749225900,38020.5,38025.5,38015.5,38023.5,NaN
1749226200,38023.5,38040.5,38015.5,38020.5,NaN
1749226500,38020.5,38020.5,37990.5,38003.5,NaN
1749226800,38003.5,38010.5,37990.5,38000.5,NaN
1749227100,38000.5,38013.5,37990.5,38005.5,NaN
1749227400,38005.5,38020.5,38000.5,38010.5,NaN
1749227700,38010.5,38015.5,37990.5,37995.5,NaN
1749228000,37995.5,38000.5,37960.5,37973.5,NaN
1749228300,37973.5,37985.5,37965.5,37983.5,NaN
1749228600,37983.5,37990.5,37955.5,37965.5,NaN
1749228900,37965.5,37965.5,37935.5,37960.5,NaN
1749229200,37960.5,37965.5,37930.5,37933.5,NaN
1749229500,37933.5,37943.5,37913.5,37933.5,NaN
1749229800,37933.5,37940.5,37910.5,37933.5,NaN
1749230100,37933.5,37950.5,37918.5,37950.5,NaN
1749230400,37950.5,37965.5,37948.5,37958.5,NaN
1749230700,37958.5,37960.5,37938.5,37940.5,NaN
1749231000,37940.5,37970.5,37940.5,37965.5,NaN
1749231300,37965.5,37970.5,37953.5,37965.5,NaN
1749231600,37965.5,37970.5,37955.5,37965.5,NaN
1749231900,37965.5,37973.5,37960.5,37963.5,NaN
1749232200,37963.5,37970.5,37955.5,37960.5,NaN
1749232500,37960.5,37975.5,37960.5,37975.5,NaN
1749232800,37975.5,38000.5,37970.5,37995.5,NaN
1749233100,37995.5,38003.5,37985.5,38000.5,NaN
1749233400,38000.5,38000.5,37990.5,37993.5,NaN
1749233700,37993.5,38010.5,37993.5,38010.5,NaN
1749234000,38010.5,38010.5,37995.5,38003.5,NaN
1749234300,38003.5,38005.5,37988.5,37995.5,NaN
1749234600,37995.5,38015.5,37988.5,38000.5,NaN
1749234900,38000.5,38005.5,37990.5,37995.5,NaN
1749235200,37995.5,37995.5,37980.5,37985.5,NaN
1749235500,37985.5,37985.5,37970.5,37975.5,NaN
1749235800,37975.5,37995.5,37970.5,37990.5,NaN
1749236100,37990.5,38005.5,37990.5,37995.5,NaN
1749236400,37995.5,38005.5,37990.5,37998.5,NaN
1749236700,37998.5,38005.5,37990.5,37990.5,NaN
1749237000,37990.5,37998.5,37985.5,37988.5,NaN
1749237300,37988.5,37995.5,37980.5,37980.5,NaN
1749237600,37980.5,37985.5,37970.5,37978.5,NaN
1749237900,37978.5,37998.5,37975.5,37983.5,NaN
1749238200,37983.5,37990.5,37975.5,37990.5,NaN
1749238500,37990.5,38003.5,37973.5,37975.5,NaN
1749238800,37975.5,37990.5,37970.5,37985.5,NaN
1749239100,37985.5,37998.5,37980.5,37983.5,NaN
1749239400,37983.5,38040.5,37983.5,38033.5,NaN
1749239700,38033.5,38033.5,37980.5,37990.5,NaN
1749240000,37990.5,38003.5,37985.5,37993.5,NaN
1749240300,37993.5,38008.5,37993.5,38005.5,NaN
1749240600,38005.5,38018.5,38003.5,38015.5,NaN
1749240900,38015.5,38030.5,38015.5,38025.5,NaN
1749241200,38025.5,38035.5,38023.5,38035.5,NaN
1749241500,38035.5,38043.5,38028.5,38028.5,NaN
1749241800,38028.5,38030.5,38025.5,38028.5,NaN
1749242100,38028.5,38030.5,38028.5,38030.5,NaN
1749242400,38030.5,38030.5,38015.5,38015.5,NaN
1749242700,38015.5,38025.5,38010.5,38013.5,NaN
1749243000,38013.5,38013.5,38005.5,38010.5,NaN
1749243300,38010.5,38010.5,38000.5,38000.5,NaN
1749420000,38000.5,38025.5,37983.5,37990.5,NaN
1749420300,37990.5,37993.5,37990.5,37993.5,NaN
1749420600,37993.5,37993.5,37938.5,37940.5,NaN
1749420900,37940.5,37940.5,37905.5,37928.5,NaN
1749421200,37928.5,37945.5,37925.5,37933.5,NaN
1749421500,37933.5,37953.5,37933.5,37943.5,NaN
1749421800,37943.5,37943.5,37920.5,37923.5,NaN
1749422100,37923.5,37925.5,37900.5,37903.5,NaN
1749422400,37903.5,37923.5,37888.5,37918.5,NaN
1749422700,37918.5,37920.5,37905.5,37915.5,NaN
1749423000,37915.5,37938.5,37913.5,37935.5,NaN
1749423300,37935.5,37950.5,37930.5,37945.5,NaN
1749423600,37945.5,37953.5,37918.5,37918.5,NaN
1749423900,37918.5,37925.5,37908.5,37918.5,NaN
1749424200,37918.5,37935.5,37908.5,37933.5,NaN
1749424500,37933.5,37958.5,37933.5,37955.5,NaN
1749424800,37955.5,37965.5,37955.5,37960.5,NaN
1749425100,37960.5,37960.5,37948.5,37955.5,NaN
1749425400,37955.5,37970.5,37945.5,37963.5,NaN
1749425700,37963.5,37973.5,37960.5,37965.5,NaN
1749426000,37965.5,37975.5,37950.5,37963.5,NaN
1749426300,37963.5,38010.5,37955.5,38003.5,NaN
1749426600,38003.5,38023.5,37988.5,38020.5,NaN
1749426900,38020.5,38045.5,38013.5,38028.5,NaN
1749427200,38028.5,38093,38028,38091,NaN
1749427500,38091,38133,38091,38118,NaN
1749427800,38118,38123,38068,38118,NaN
1749428100,38118,38141,38103,38113,NaN
1749428400,38113,38143,38113,38133,NaN
1749428700,38133,38146,38088,38121,NaN
1749429000,38121,38143,38111,38128,NaN
1749429300,38128,38138,38076,38078,NaN
1749429600,38078,38121,38073,38101,NaN
1749429900,38101,38171,38096,38166,NaN
1749430200,38166,38176,38148,38168,NaN
1749430500,38168,38186,38163,38168,NaN
1749430800,38168,38173,38118,38136,NaN
1749431100,38136,38136,38093,38116,NaN
1749431400,38116,38123,38086,38088,NaN
1749431700,38088,38093,38073,38086,NaN
1749432000,38086,38098,38058,38068,NaN
1749432300,38068,38078,38058,38076,NaN
1749432600,38076,38111,38076,38096,NaN
1749432900,38096,38106,38083,38088,NaN
1749433200,38088,38106,38081,38096,NaN
1749433500,38096,38131,38093,38118,NaN
1749433800,38118,38121,38101,38118,NaN
1749434100,38118,38146,38116,38141,NaN
1749434400,38141,38144,38106,38121,NaN
1749434700,38121,38126,38099,38106,NaN
1749435000,38106,38111,38086,38094,NaN
1749435300,38094,38129,38094,38126,NaN
1749435600,38126,38126,38081,38109,NaN
1749435900,38109,38131,38106,38124,NaN
1749436200,38124,38144,38111,38144,NaN
1749436500,38144,38159,38144,38146,NaN
1749436800,38146,38156,38136,38151,NaN
1749437100,38151,38154,38141,38144,NaN
1749437400,38144,38159,38144,38156,NaN
1749437700,38156,38176,38154,38174,NaN
1749438000,38174,38179,38159,38161,NaN
1749438300,38161,38166,38139,38141,NaN
1749438600,38141,38141,38106,38111,NaN
1749438900,38111,38119,38111,38116,NaN
1749439200,38116,38121,38096,38101,NaN
1749439500,38101,38109,38096,38099,NaN
1749439800,38099,38159,38096,38139,NaN
1749440100,38139,38164,38129,38161,NaN
1749440400,38161,38166,38139,38149,NaN
1749440700,38149,38151,38134,38144,NaN
1749441000,38144,38156,38141,38149,NaN
1749441300,38149,38164,38144,38164,NaN
1749441600,38164,38166,38146,38156,NaN
1749441900,38156,38159,38144,38151,NaN
1749442200,38151,38154,38121,38134,NaN
1749442500,38134,38146,38131,38141,NaN
1749442800,38141,38141,38119,38136,NaN
1749443100,38136,38149,38131,38134,NaN
1749443400,38134,38139,38114,38129,NaN
1749443700,38129,38129,38114,38121,NaN
1749444000,38121,38121,38096,38104,NaN
1749444300,38104,38116,38104,38111,NaN
1749444600,38111,38116,38101,38114,NaN
1749444900,38114,38121,38104,38111,NaN
1749445200,38111,38111,38071,38091,NaN
1749445500,38091,38096,38066,38071,NaN
1749445800,38071,38086,38071,38076,NaN
1749446100,38076,38084,38061,38076,NaN
1749446400,38076,38091,38076,38091,NaN
1749446700,38091,38101,38086,38096,NaN
1749447000,38096,38101,38076,38091,NaN
1749447300,38091,38096,38071,38081,NaN
1749447600,38081,38086,38069,38081,NaN
1749447900,38081,38084,38066,38071,NaN
1749448200,38071,38089,38071,38086,NaN
1749448500,38086,38099,38081,38089,NaN
1749448800,38089,38104,38076,38084,NaN
1749449100,38084,38094,38076,38084,NaN
1749449400,38084,38089,38059,38086,NaN
1749449700,38086,38091,38076,38086,NaN
1749450000,38086,38096,38076,38084,NaN
1749450300,38084,38086,38061,38079,NaN
1749450600,38079,38101,38076,38101,NaN
1749450900,38101,38119,38091,38111,NaN
1749451200,38111,38131,38106,38111,NaN
1749451500,38111,38126,38101,38116,NaN
1749451800,38116,38126,38111,38121,NaN
1749452100,38121,38121,38106,38109,NaN
1749452400,38109,38146.5,38106.5,38141.5,NaN
1749452700,38141.5,38146.5,38116.5,38116.5,NaN
1749453000,38116.5,38121.5,38096.5,38101.5,NaN
1749453300,38101.5,38108.5,38071.5,38073.5,NaN
1749453600,38073.5,38096.5,38066.5,38088.5,NaN
1749453900,38088.5,38093.5,38081.5,38083.5,NaN
1749454200,38083.5,38101.5,38081.5,38096.5,NaN
1749454500,38096.5,38101.5,38086.5,38093.5,NaN
1749454800,38093.5,38098.5,38078.5,38091.5,NaN
1749455100,38091.5,38096.5,38081.5,38088.5,NaN
1749455400,38088.5,38106.5,38086.5,38086.5,NaN
1749455700,38086.5,38091.5,38071.5,38091.5,NaN
1749456000,38091.5,38136.5,38088.5,38131.5,NaN
1749456300,38131.5,38136.5,38116.5,38133.5,NaN
1749456600,38133.5,38138.5,38116.5,38121.5,NaN
1749456900,38121.5,38126.5,38111.5,38118.5,NaN
1749457200,38118.5,38123.5,38103.5,38108.5,NaN
1749457500,38108.5,38121.5,38101.5,38106.5,NaN
1749457800,38106.5,38111.5,38091.5,38098.5,NaN
1749458100,38098.5,38108.5,38093.5,38101.5,NaN
1749458400,38101.5,38103.5,38086.5,38091.5,NaN
1749458700,38091.5,38118.5,38086.5,38116.5,NaN
1749459000,38116.5,38131.5,38111.5,38128.5,NaN
1749459300,38128.5,38143.5,38128.5,38133.5,NaN
1749459600,38133.5,38136.5,38116.5,38121.5,NaN
1749459900,38121.5,38128.5,38103.5,38108.5,NaN
1749460200,38108.5,38116.5,38096.5,38106.5,NaN
1749460500,38106.5,38113.5,38093.5,38111.5,NaN
1749460800,38111.5,38116.5,38103.5,38116.5,NaN
1749461100,38116.5,38126.5,38106.5,38123.5,NaN
1749461400,38123.5,38141.5,38121.5,38136.5,NaN
1749461700,38136.5,38136.5,38118.5,38121.5,NaN
1749462000,38121.5,38126.5,38116.5,38126.5,NaN
1749462300,38126.5,38131.5,38121.5,38123.5,NaN
1749462600,38123.5,38136.5,38123.5,38133.5,NaN
1749462900,38133.5,38141.5,38131.5,38136.5,NaN
1749463200,38136.5,38151.5,38131.5,38146.5,NaN
1749463500,38146.5,38148.5,38136.5,38138.5,NaN
1749463800,38138.5,38141.5,38126.5,38133.5,NaN
1749464100,38133.5,38141.5,38133.5,38136.5,NaN
1749464400,38136.5,38141.5,38131.5,38136.5,NaN
1749464700,38136.5,38136.5,38121.5,38126.5,NaN
1749465000,38126.5,38141.5,38126.5,38141.5,NaN
1749465300,38141.5,38151.5,38133.5,38148.5,NaN
1749465600,38148.5,38151.5,38128.5,38131.5,NaN
1749465900,38131.5,38131.5,38116.5,38128.5,NaN
1749466200,38128.5,38131.5,38118.5,38121.5,NaN
1749466500,38121.5,38151.5,38116.5,38151.5,NaN
1749466800,38151.5,38166.5,38138.5,38158.5,NaN
1749467100,38158.5,38166.5,38153.5,38163.5,NaN
1749467400,38163.5,38171.5,38156.5,38168.5,NaN
1749467700,38168.5,38206.5,38168.5,38186.5,NaN
1749468000,38186.5,38196.5,38178.5,38188.5,NaN
1749468300,38188.5,38196.5,38181.5,38186.5,NaN
1749468600,38186.5,38213.5,38181.5,38208.5,NaN
1749468900,38208.5,38228.5,38203.5,38223.5,NaN
1749469200,38223.5,38228.5,38208.5,38211.5,NaN
1749469500,38211.5,38211.5,38196.5,38208.5,NaN
1749469800,38208.5,38216.5,38208.5,38216.5,NaN
1749470100,38216.5,38223.5,38201.5,38203.5,NaN
1749470400,38203.5,38213.5,38196.5,38201.5,NaN
1749470700,38201.5,38213.5,38196.5,38201.5,NaN
1749471000,38201.5,38213.5,38196.5,38198.5,NaN
1749471300,38198.5,38201.5,38181.5,38191.5,NaN
1749471600,38191.5,38203.5,38186.5,38196.5,NaN
1749471900,38196.5,38198.5,38191.5,38191.5,NaN
1749472200,38191.5,38196.5,38186.5,38186.5,NaN
1749472500,38186.5,38196.5,38181.5,38193.5,NaN
1749472800,38193.5,38198.5,38186.5,38198.5,NaN
1749473100,38198.5,38206.5,38196.5,38198.5,NaN
1749473400,38198.5,38206.5,38196.5,38196.5,NaN
1749473700,38196.5,38196.5,38186.5,38196.5,NaN
1749474000,38196.5,38213.5,38191.5,38211.5,NaN
1749474300,38211.5,38261.5,38208.5,38256.5,NaN
1749474600,38256.5,38266.5,38251.5,38261.5,NaN
1749474900,38261.5,38261.5,38231.5,38236.5,NaN
1749475200,38236.5,38263.5,38233.5,38261.5,NaN
1749475500,38261.5,38261.5,38228.5,38238.5,NaN
1749475800,38238.5,38253.5,38216.5,38221.5,NaN
1749476100,38221.5,38251.5,38211.5,38241.5,NaN
1749476400,38241.5,38276.5,38238.5,38276.5,NaN
1749476700,38276.5,38286.5,38251.5,38271.5,NaN
1749477000,38271.5,38281.5,38253.5,38278.5,NaN
1749477300,38278.5,38281.5,38263.5,38271.5,NaN
1749477600,38271.5,38298.5,38263.5,38281.5,NaN
1749477900,38281.5,38291.5,38273.5,38281.5,NaN
1749478200,38281.5,38301.5,38281.5,38291.5,NaN
1749478500,38291.5,38293.5,38273.5,38276.5,NaN
1749478800,38276.5,38286.5,38273.5,38278.5,NaN
1749479100,38278.5,38293.5,38276.5,38291.5,NaN
1749479400,38291.5,38336.5,38286.5,38316.5,NaN
1749479700,38316.5,38321.5,38303.5,38311.5,NaN
1749480000,38311.5,38323.5,38266.5,38271.5,NaN
1749480300,38271.5,38271.5,38236.5,38238.5,NaN
1749480600,38238.5,38256.5,38226.5,38241.5,NaN
1749480900,38241.5,38258.5,38238.5,38253.5,NaN
1749481200,38253.5,38266.5,38241.5,38241.5,NaN
1749481500,38241.5,38251.5,38231.5,38236.5,NaN
1749481800,38236.5,38251.5,38231.5,38238.5,NaN
1749482100,38238.5,38238.5,38211.5,38216.5,NaN
1749482400,38216.5,38226.5,38201.5,38211.5,NaN
1749482700,38211.5,38213.5,38191.5,38196.5,NaN
1749483000,38196.5,38213.5,38196.5,38196.5,NaN
1749483300,38196.5,38211.5,38196.5,38203.5,NaN
1749483600,38203.5,38211.5,38191.5,38206.5,NaN
1749483900,38206.5,38211.5,38191.5,38201.5,NaN
1749484200,38201.5,38218.5,38201.5,38216.5,NaN
1749484500,38216.5,38221.5,38201.5,38203.5,NaN
1749484800,38203.5,38216.5,38196.5,38211.5,NaN
1749485100,38211.5,38211.5,38181.5,38191.5,NaN
1749485400,38191.5,38211.5,38186.5,38206.5,NaN
1749485700,38206.5,38211.5,38191.5,38201.5,NaN
1749486000,38201.5,38206.5,38196.5,38206.5,NaN
1749486300,38206.5,38211.5,38196.5,38201.5,NaN
1749486600,38201.5,38218.5,38198.5,38211.5,NaN
1749486900,38211.5,38216.5,38203.5,38206.5,NaN
1749487200,38206.5,38211.5,38196.5,38206.5,NaN
1749487500,38206.5,38221.5,38201.5,38216.5,NaN
1749487800,38216.5,38251.5,38216.5,38246.5,NaN
1749488100,38246.5,38246.5,38218.5,38226.5,NaN
1749488400,38226.5,38236.5,38216.5,38231.5,NaN
1749488700,38231.5,38246.5,38231.5,38236.5,NaN
1749489000,38236.5,38246.5,38226.5,38241.5,NaN
1749489300,38241.5,38241.5,38218.5,38226.5,NaN
1749489600,38226.5,38241.5,38221.5,38241.5,NaN
1749489900,38241.5,38268.5,38241.5,38256.5,NaN
1749490200,38256.5,38256.5,38241.5,38251.5,NaN
1749490500,38251.5,38266.5,38251.5,38261.5,NaN
1749490800,38261.5,38268.5,38256.5,38266.5,NaN
1749491100,38266.5,38266.5,38261.5,38266.5,NaN
1749491400,38266.5,38281.5,38266.5,38276.5,NaN
1749491700,38276.5,38276.5,38271.5,38271.5,NaN
1749492000,38271.5,38276.5,38261.5,38266.5,NaN
1749492300,38266.5,38271.5,38256.5,38271.5,NaN
1749492600,38271.5,38286.5,38271.5,38276.5,NaN
1749492900,38276.5,38281.5,38276.5,38276.5,NaN
1749493200,38276.5,38281.5,38273.5,38276.5,NaN
1749493500,38276.5,38286.5,38266.5,38266.5,NaN
1749493800,38266.5,38271.5,38261.5,38268.5,NaN
1749494100,38268.5,38271.5,38251.5,38256.5,NaN
1749494400,38256.5,38258.5,38241.5,38253.5,NaN
1749494700,38253.5,38266.5,38251.5,38256.5,NaN
1749495000,38256.5,38268.5,38256.5,38261.5,NaN
1749495300,38261.5,38288.5,38261.5,38286.5,NaN
1749495600,38286.5,38296.5,38281.5,38296.5,NaN
1749495900,38296.5,38296.5,38281.5,38291.5,NaN
1749496200,38291.5,38291.5,38276.5,38281.5,NaN
1749496500,38281.5,38283.5,38266.5,38271.5,NaN
1749496800,38271.5,38276.5,38256.5,38273.5,NaN
1749497100,38273.5,38288.5,38266.5,38283.5,NaN
1749497400,38283.5,38286.5,38276.5,38281.5,NaN
1749497700,38281.5,38286.5,38246.5,38246.5,NaN
1749498000,38246.5,38256.5,38231.5,38236.5,NaN
1749498300,38236.5,38236.5,38211.5,38216.5,NaN
1749498600,38216.5,38251.5,38216.5,38221.5,NaN
1749498900,38221.5,38251.5,38221.5,38228.5,NaN
1749499200,38228.5,38236.5,38206.5,38211.5,NaN
1749499500,38211.5,38218.5,38206.5,38208.5,NaN
1749499800,38208.5,38211.5,38196.5,38206.5,NaN
1749500100,38206.5,38206.5,38201.5,38203.5,NaN
1749500400,38203.5,38211.5,38201.5,38208.5,NaN
1749500700,38208.5,38216.5,38206.5,38213.5,NaN
1749501000,38213.5,38228.5,38213.5,38228.5,NaN
1749501300,38228.5,38236.5,38228.5,38236.5,NaN
1749501600,38236.5,38241.5,38231.5,38231.5,NaN
1749501900,38231.5,38236.5,38231.5,38233.5,NaN
1749502200,38233.5,38238.5,38226.5,38226.5,NaN
1749502500,38226.5,38241.5,38221.5,38226.5,NaN
1749506400,38226.5,38271.5,38226.5,38266.5,NaN
1749506700,38266.5,38271.5,38251.5,38266.5,NaN
1749507000,38266.5,38276.5,38266.5,38273.5,NaN
1749507300,38273.5,38276.5,38273.5,38273.5,NaN
1749507600,38273.5,38276.5,38273.5,38273.5,NaN
1749507900,38273.5,38281.5,38266.5,38266.5,NaN
1749508200,38266.5,38276.5,38261.5,38276.5,NaN
1749508500,38276.5,38281.5,38273.5,38281.5,NaN
1749508800,38281.5,38281.5,38276.5,38281.5,NaN
1749509100,38281.5,38281.5,38271.5,38273.5,NaN
1749509400,38273.5,38276.5,38271.5,38273.5,NaN
1749509700,38273.5,38276.5,38271.5,38273.5,NaN
1749510000,38273.5,38296.5,38273.5,38288.5,NaN
1749510300,38288.5,38293.5,38288.5,38288.5,NaN
1749510600,38288.5,38288.5,38273.5,38273.5,NaN
1749510900,38273.5,38281.5,38266.5,38281.5,NaN
1749511200,38281.5,38281.5,38271.5,38276.5,NaN
1749511500,38276.5,38301.5,38276.5,38296.5,NaN
1749511800,38296.5,38311.5,38288.5,38296.5,NaN
1749512100,38296.5,38301.5,38276.5,38291.5,NaN
1749512400,38291.5,38306.5,38276.5,38291.5,NaN
1749512700,38291.5,38316.5,38278.5,38288.5,NaN
1749513000,38288.5,38288.5,38263.5,38278.5,NaN
1749513300,38278.5,38283.5,38251.5,38278.5,NaN
1749513600,38278.5,38364,38274,38314,NaN
1749513900,38314,38329,38259,38279,NaN
1749514200,38279,38319,38259,38259,NaN
1749514500,38259,38309,38259,38281,NaN
1749514800,38281,38306,38274,38279,NaN
1749515100,38279,38296,38266,38271,NaN
1749515400,38271,38274,38236,38246,NaN
1749515700,38246,38276,38236,38244,NaN
1749516000,38244,38274,38231,38264,NaN
1749516300,38264,38266,38239,38241,NaN
1749516600,38241,38264,38236,38264,NaN
1749516900,38264,38264,38236,38246,NaN
1749517200,38246,38299,38244,38276,NaN
1749517500,38276,38291,38249,38274,NaN
1749517800,38274,38291,38274,38286,NaN
1749518100,38286,38319,38284,38306,NaN
1749518400,38306,38341,38301,38336,NaN
1749518700,38336,38384,38336,38379,NaN
1749519000,38379,38404,38369,38399,NaN
1749519300,38399,38451,38384,38439,NaN
1749519600,38439,38471,38414,38454,NaN
1749519900,38454,38476,38434,38474,NaN
1749520200,38474,38479,38454,38459,NaN
1749520500,38459,38461,38439,38459,NaN
1749520800,38459,38482,38439,38444,NaN
1749521100,38444,38459,38429,38434,NaN
1749521400,38434,38454,38427,38439,NaN
1749521700,38439,38459,38434,38459,NaN
1749522000,38459,38472,38449,38467,NaN
1749522300,38467,38472,38454,38467,NaN
1749522600,38467,38467,38447,38454,NaN
1749522900,38454,38464,38439,38444,NaN
1749523200,38444,38462,38442,38459,NaN
1749523500,38459,38459,38424,38434,NaN
1749523800,38434,38449,38432,38439,NaN